{
  "vanilla_n": 20,
  "sage_n": 18,
  "vanilla_eval": {
    "vanilla_mean": 7.05,
    "sage_mean": 6.761111111111111,
    "cohens_d": -0.49968825407723394
  },
  "sage_eval": {
    "vanilla_mean": 6.890000000000001,
    "sage_mean": 6.777777777777778,
    "cohens_d": -0.19145242398524778
  }
}