{
  "vanilla_n": 9,
  "sage_n": 9,
  "overall_calibration_gap": {
    "vanilla_mean": 0.4055555555555555,
    "sage_mean": 0.33888888888888885,
    "cohens_d": -0.27130337339228017
  },
  "per_tier": {
    "1.0": {
      "vanilla_gap": 0.30000000000000004,
      "sage_gap": 0.4
    },
    "1.25": {
      "vanilla_gap": 0.1499999999999999,
      "sage_gap": 0.25
    },
    "1.5": {
      "vanilla_gap": 1.0,
      "sage_gap": 0.30000000000000004
    },
    "1.75": {
      "vanilla_gap": 0.1499999999999999,
      "sage_gap": 0.55
    },
    "2.0": {
      "vanilla_gap": 0.6000000000000001,
      "sage_gap": 0.1499999999999999
    },
    "2.25": {
      "vanilla_gap": 0.04999999999999982,
      "sage_gap": 0.6499999999999999
    },
    "2.5": {
      "vanilla_gap": 0.6000000000000001,
      "sage_gap": 0.3999999999999999
    },
    "2.75": {
      "vanilla_gap": 0.5,
      "sage_gap": 0.1499999999999999
    },
    "3.0": {
      "vanilla_gap": 0.2999999999999998,
      "sage_gap": 0.20000000000000018
    }
  }
}